timestamp,strategy_file,git_sha,symbol,timeframe,period,total_return,cagr,max_drawdown,sharpe,sortino,calmar,beta,jensen_alpha,tracking_error,information_ratio,profit_factor,win_rate,payoff_ratio,n_trades,avg_win,avg_loss,pct_in_market
2026-05-04T05:10:27,research/examples/strategies/kol_range_fade_4h_long.py,nogit,BTC/USDT,4H,IS,-0.1397299999999999,-0.4820691446514258,-0.4975277264627401,-0.09561125303102469,-0.04822399441464575,-0.9689292053706839,0.07017004550600157,-0.07434287648655975,1.176174826383211,0.1985067770403674,0.966066298734426,0.6666666666666666,0.483033149367213,90,236.07633333333337,-488.73733333333337,0.282
2026-05-04T05:10:27,research/examples/strategies/kol_range_fade_4h_long.py,nogit,BTC/USDT,4H,OOS,-0.09660200000000008,-0.33368816980576643,-0.2501737297843857,-1.1273406778915465,-0.6388355935458154,-1.333825778163672,0.20809924375969818,-0.4365092679533259,0.44102901206729833,-1.6807975530330594,0.7564130193100382,0.6666666666666666,0.3782065096550192,27,122.8477777777778,-324.8166666666666,0.21389396709323583
2026-05-04T05:15:01,research/examples/strategies/kol_range_fade_4h_long_no_stop.py,nogit,BTC/USDT,4H,IS,-0.290284,-0.7766158132504478,-0.4727175673914258,-1.0606922124171578,-0.5292403331689028,-1.6428748724867765,0.01312912262874024,-1.005542343121133,1.1375055460919505,-0.5967771453722392,0.8450776613293148,0.6344086021505376,0.4869939065287577,93,192.8528813559322,-396.00676470588235,0.274
2026-05-04T05:15:01,research/examples/strategies/kol_range_fade_4h_long_no_stop.py,nogit,BTC/USDT,4H,OOS,-0.10907199999999995,-0.3696910285906507,-0.2460042149591285,-1.422997227133803,-0.7719223685835466,-1.502783310652103,0.18092719499808285,-0.4883860024528319,0.4358633253095149,-1.8437308596903248,0.7255965544566274,0.6428571428571429,0.40310919692034836,28,121.58055555555555,-301.6070000000001,0.20109689213893966
2026-05-04T05:20:03,research/examples/strategies/kol_ohlc_anchor_4h_long_hysteresis.py,nogit,BTC/USDT,4H,IS,0.005846000000000018,0.025807354704422636,-0.4502150787036596,0.5097360455953411,0.319836126497828,0.05732227978399085,0.3251848857930058,0.6012662166388342,1.0374660388856467,0.7948835959301422,1.0854178146385927,0.47333333333333333,1.2077184134711112,150,281.0447887323944,-232.70721518987344,0.21
2026-05-04T05:20:03,research/examples/strategies/kol_ohlc_anchor_4h_long_hysteresis.py,nogit,BTC/USDT,4H,OOS,0.024256999999999973,0.10051958054869581,-0.03653901611575838,1.099167360526615,0.27341366148224844,2.751020449763675,0.030154911628918958,0.08849757528519664,0.40082707076071133,-0.7104244771709681,4.15947362551578,0.5,4.15947362551578,4,186.49,-44.835,0.043875685557586835
2026-05-04T05:21:29,research/examples/strategies/kol_ohlc_anchor_4h_long.py,nogit,BTC/USDT,4H,IS,-0.23619599999999996,-0.6920473974521566,-0.65821355531872,-0.2739255240600393,-0.30705481845785826,-1.0514025301667536,0.2187964766674464,-0.28317943190841005,1.3815822201045709,-0.017777354050418512,0.9537539558274616,0.45901639344262296,1.1240671622252225,122,441.40857142857146,-392.6887878787879,0.426
2026-05-04T05:21:29,research/examples/strategies/kol_ohlc_anchor_4h_long.py,nogit,BTC/USDT,4H,OOS,-0.18486499999999995,-0.5581832829203159,-0.2699672948110614,-3.584878997185764,-1.766985563042564,-2.067595940874855,0.05681712099242475,-0.81545463215988,0.43898759549172967,-2.6844684315120704,0.4061636761067473,0.3333333333333333,0.8123273522134946,12,295.90749999999997,-364.27125,0.11882998171846434
2026-05-04T06:28:03,research/examples/strategies/funding_rate_bottom_fisher.py,nogit,ETH/USDT,4H,IS,0.1686319999999999,0.9762276755429782,-0.19304017706234966,1.3990578870841965,0.40416226575956377,5.057121737034402,0.09137879042903464,0.9247337970183643,0.9767672943192333,1.3254292015222144,1.5526563898794563,0.6,1.0351042599196376,15,580.05,-560.3783333333333,0.05
2026-05-04T06:28:03,research/examples/strategies/funding_rate_bottom_fisher.py,nogit,ETH/USDT,4H,OOS,-0.005070000000000019,-0.020108113707594133,-0.17733036039264516,0.10387338651842082,0.023964960270961268,-0.11339351966054045,0.07757629821607849,-0.01550046931598624,0.6741551944616546,-0.8964711950443989,1.010696124846572,0.8333333333333334,0.20213922496931436,6,149.86399999999998,-741.39,0.04753199268738574
2026-05-04T06:28:25,research/examples/strategies/funding_rate_bottom_fisher.py,nogit,SOL/USDT,4H,IS,-0.66759,-0.9904141525703622,-0.7335750742084839,-2.637380635439316,-0.974593434919807,-1.350119691074569,0.23604982083781284,-4.035437067930767,1.690594531272345,-3.1836588456801826,0.39494849015818184,0.6216216216216216,0.24040342879193685,37,184.53521739130437,-767.6064285714285,0.13513513513513514
2026-05-04T06:28:25,research/examples/strategies/funding_rate_bottom_fisher.py,nogit,SOL/USDT,4H,OOS,-0.017319000000000084,-0.0674375426979188,-0.25851753144491485,0.1737562040536747,0.09206007875886307,-0.2608625508722547,0.2149851053250818,-0.1917850203009871,0.793505017245982,-1.5966511726371628,0.9842744444946651,0.5714285714285714,0.7382058333709988,14,353.8725,-479.3683333333333,0.1170018281535649
2026-05-04T06:28:41,research/examples/strategies/kol_range_fade_4h_long.py,nogit,ETH/USDT,4H,IS,-0.591793,-0.9800905966645914,-0.752132633419875,-2.06496156403142,-1.224542913915667,-1.3030821335436722,0.1050035223792324,-2.8359967239699504,1.573749683453984,-1.5705428356300868,0.7649123970059656,0.6486486486486487,0.41432754837823155,111,227.5606944444445,-549.2289743589745,0.332
2026-05-04T06:28:41,research/examples/strategies/funding_rate_bottom_fisher.py,nogit,BNB/USDT,4H,IS,0.8453689999999998,13.558554955018517,-0.35997363306758956,2.872568055761744,1.8714790357079598,37.66541132325858,-0.012261312210664989,3.3210627088691154,1.4717977431012226,3.4737703430427342,1.5112088735202631,0.6428571428571429,0.8395604852890356,84,551.4616666666667,-656.8456666666666,0.248
2026-05-04T06:28:41,research/examples/strategies/kol_range_fade_4h_long.py,nogit,ETH/USDT,4H,OOS,0.004053000000000084,0.01629582468871238,-0.23076494912369216,0.22346106615410088,0.11030097658261537,0.07061655052292047,0.10734496584162835,0.009980004788682082,0.6679138949816184,-0.8382463834595812,1.0777151839188601,0.7391304347826086,0.38037006491253883,23,221.0152941176471,-581.0533333333334,0.1882998171846435
2026-05-04T06:28:41,research/examples/strategies/funding_rate_bottom_fisher.py,nogit,BNB/USDT,4H,OOS,0.031438999999999995,0.13168388162390587,-0.05117801567657543,0.8407168423051126,0.12419415277450141,2.5730556349838825,0.01341944066012914,0.12273071130325089,0.4947849743459197,-1.9405779088578683,3.432515757741847,0.5,3.432515757741847,4,250.505,-72.98,0.029250457038391225
2026-05-04T06:29:02,research/examples/strategies/kol_range_fade_4h_long.py,nogit,SOL/USDT,4H,IS,-0.5959380000000001,-0.9781552494065637,-0.7172234526771948,-1.1633028256502325,-0.8638344246052269,-1.3638082326440712,0.1661014086005443,-2.4096518235867435,2.131985708868431,-1.8198103141317872,0.7991287251246406,0.580952380952381,0.5764207197620362,105,337.88852459016397,-586.1838636363635,0.333976833976834
2026-05-04T06:29:02,research/examples/strategies/kol_range_fade_4h_long.py,nogit,SOL/USDT,4H,OOS,-0.24846899999999994,-0.6806695398587407,-0.37027990194708105,-1.6845538415518055,-1.0783015272336771,-1.8382567789380566,0.21146971919722068,-1.2641915000588924,0.78659410898706,-2.9801544198267576,0.5393147461854609,0.56,0.4237473005742907,25,190.74214285714288,-450.1318181818182,0.2376599634369287
2026-05-04T06:29:19,research/examples/strategies/kol_range_fade_4h_long.py,nogit,BNB/USDT,4H,IS,-0.578331,-0.9770567666176526,-0.6925074926550927,-2.835896350544253,-1.9606460451113137,-1.4108970328560493,-0.09648572596329676,-3.3108987569002037,1.4737241887569352,-0.9297556441889413,0.7164234142054251,0.5462184873949579,0.5951825287245072,119,187.10984615384615,-314.3738888888889,0.37
2026-05-04T06:29:19,research/examples/strategies/kol_range_fade_4h_long.py,nogit,BNB/USDT,4H,OOS,0.11428499999999997,0.5410389575412866,-0.1210366932426532,1.7028635571704682,0.7346774485295688,4.470040803714101,0.08855605528934664,0.3747677289286733,0.511037216696253,-1.2242936919675456,1.976730136547588,0.6842105263157895,0.9123369860988868,19,208.90692307692308,-228.98,0.1480804387568556
2026-05-04T07:28:43,research/examples/strategies/kol_200w_value_zone_long.py,nogit,BTC/USDT,1D,IS,0.27144999999999997,0.15399689319707255,-0.5701244270027146,0.5415491369041442,0.383011275233596,0.2701110247225722,0.23540336257019154,0.05333173681872019,0.6872178630392571,-1.0320064772497821,2736.55,1.0,nan,2,1368.275,nan,0.32569558101472995
2026-05-04T07:28:43,research/examples/strategies/kol_200w_value_zone_long.py,nogit,BTC/USDT,1D,OOS,0.0,0.0,0.0,nan,nan,nan,0.0,0.0,0.426287251947195,0.18853785132657286,nan,nan,nan,0,nan,nan,0.0
2026-05-05T13:18:44,my-research/strategies/sma_cross_rsi_basic.py,nogit,BTC/USDT,4H,IS,-0.23236899999999994,-0.6852454421652729,-0.624978560104045,0.051534873533595385,0.04869255879302693,-1.0964303192275826,0.3557650446083457,0.04718904098645309,1.6027301167268018,-0.008867225803327397,0.884845183994062,0.32894736842105265,1.8050841753478866,76,587.4696,-325.4527450980392,0.418
2026-05-05T13:18:44,my-research/strategies/sma_cross_rsi_basic.py,nogit,BTC/USDT,4H,OOS,-0.15928700000000007,-0.5001196558625848,-0.22125575248191476,-1.8694989136030749,-1.3795110882012178,-2.260369053697097,0.16431268373694904,-0.6989361099097369,0.47391877048288594,-2.144442279646976,0.41792065942031925,0.4117647058823529,0.5970295134575989,17,146.59999999999997,-245.54900000000004,0.263254113345521
2026-05-05T14:23:00,my-research/strategies/kol_range_fade_4h_long.py,nogit,BTC/USDT,1D,IS,-0.11562399999999995,-0.07066135501522486,-0.2965790604692389,-0.20615372584336886,-0.07004328589012071,-0.23825469978705338,0.027677343075293813,-0.061182396695235,0.6512888209422597,-0.8711857253972094,0.6818421478343708,0.7272727272727273,0.255690805437889,11,284.50374999999997,-1112.6866666666667,0.10147299509001637
2026-05-05T14:23:01,my-research/strategies/kol_range_fade_4h_long.py,nogit,BNB/USDT,1D,IS,0.17918199999999995,0.10329382612167493,-0.2975582680690244,0.47787251590662605,0.23434142076661005,0.34713814807429216,0.05477086905241232,0.0978435447085618,0.8679352360453866,-0.8134920251259927,1.3368504545818112,0.6111111111111112,0.8507230165520617,18,729.3272727272728,-857.3028571428573,0.14566284779050737
2026-05-05T14:23:00,my-research/strategies/kol_range_fade_4h_long.py,nogit,BTC/USDT,1D,OOS,0.14049500000000004,0.14049500000000004,-0.07438299200702958,1.3446406756843612,0.6945261610761957,1.8888054407212138,0.05774239539809458,0.1419374144578808,0.41336054745553513,0.538869543772609,1435.6,1.0,nan,3,478.5333333333333,nan,0.1043956043956044
2026-05-05T14:23:03,my-research/strategies/kol_ohlc_anchor_4h_long_hysteresis.py,nogit,BTC/USDT,1D,IS,0.487471,0.26721175093723404,-0.4863176072673022,0.7592612306853259,0.6469464894930055,0.5494593388027638,0.1382237806388072,0.25631429460576866,0.6872095706136719,-0.27989145820318057,1.3267678297227257,0.5113636363636364,1.2678003706239385,88,526.6846666666668,-415.43186046511636,0.24549918166939444
2026-05-05T14:23:01,my-research/strategies/kol_range_fade_4h_long.py,nogit,BNB/USDT,1D,OOS,-0.328155,-0.328155,-0.3815351100079971,-1.253755011232123,-0.7219501149570982,-0.8600912246139595,0.3016636701196281,-0.411192658558621,0.43323061433066457,-1.237624412020023,0.01615842326184382,0.3333333333333333,0.03231684652368764,3,53.47,-1654.5549999999998,0.19505494505494506
2026-05-05T14:23:03,my-research/strategies/kol_ohlc_anchor_4h_long_hysteresis.py,nogit,BTC/USDT,1D,OOS,-0.02496100000000001,-0.02496100000000001,-0.08839649769116187,-0.2614771980252642,-0.09533976592985467,-0.2823754407918775,0.03902854833275532,-0.01850324132314097,0.41747299024040685,0.1530918029235208,0.7424955629292384,0.8,0.1856238907323096,5,144.32999999999998,-777.54,0.06868131868131869
2026-05-05T14:23:04,my-research/strategies/kol_ohlc_anchor_4h_long_hysteresis.py,nogit,BNB/USDT,4H,IS,3.860353,1002.695126341394,-0.21975225009033372,4.1303849309642935,6.5799425078429445,4562.8435018490845,0.5748033346178196,7.276938850158566,2.117525191784672,2.887210682632046,1.4354541223878734,0.5330188679245284,1.2576102488176948,212,1338.6277876106192,-1064.421818181818,0.262
2026-05-05T14:23:04,my-research/strategies/kol_ohlc_anchor_4h_long_hysteresis.py,nogit,BNB/USDT,4H,OOS,0.12966800000000012,0.6278337768025104,-0.027863219308610132,2.593951888072054,1.2069867307929951,22.532707719402,-0.0018141906635603642,0.5089060534210096,0.512871889191007,-1.0975651556336126,7.124860247752784,0.7142857142857143,2.849944099101114,7,318.63800000000003,-111.805,0.054844606946983544
2026-05-05T14:24:28,my-research/strategies/kol_ohlc_anchor_4h_long_hysteresis.py,nogit,SOL/USDT,4H,IS,-0.209059,-0.6282907404511885,-0.9264612742687514,1.0271011541165262,1.2917485290921384,-0.6781619026084965,0.21395040650054858,2.6223101893011274,3.0960156683912943,0.3993874814880438,1.012160976351437,0.48111332007952284,1.0916281604451452,503,241.79760330578515,-221.50180076628354,0.4671814671814672
2026-05-05T14:24:27,my-research/strategies/kol_ohlc_anchor_4h_long_hysteresis.py,nogit,ETH/USDT,4H,IS,-0.378163,-0.8746549706651324,-0.7290641852178644,-0.5847390483611865,-0.5265330335621748,-1.1996954292903053,0.27818203879022446,-1.6583617242852027,1.6222332416643466,-2.23337563928929,0.9653884784843498,0.4362745098039216,1.2474120789404524,204,459.5178651685393,-368.37695652173915,0.334
2026-05-05T14:24:28,my-research/strategies/kol_ohlc_anchor_4h_long_hysteresis.py,nogit,SOL/USDT,4H,OOS,-0.3069029999999999,-0.7689227875238939,-0.4019919122989921,-2.7458848864015284,-1.3707535317313366,-1.9127817351508982,0.09442526326603602,-1.4653967838065625,0.7990618230607918,-3.273701344760609,0.6262658838407665,0.3333333333333333,1.252531767681533,42,317.64071428571424,-253.59892857142856,0.14442413162705667
2026-05-05T14:24:27,my-research/strategies/kol_ohlc_anchor_4h_long_hysteresis.py,nogit,ETH/USDT,4H,OOS,-0.117618,-0.3935082546845913,-0.31394125618798896,-0.8137064852969903,-0.5074108928897804,-1.2534454995266928,0.12534639350781315,-0.46880407929246903,0.7312283459590945,-1.4132999903831136,0.912376433904319,0.32608695652173914,1.8855779634022596,46,452.56,-240.0112903225806,0.1425959780621572
2026-05-05T14:27:21,my-research/strategies/kol_range_fade_1d_long_atr_stop.py,nogit,BTC/USDT,1D,IS,0.04930699999999999,0.02912090921664401,-0.11541351548224243,0.2666452425132825,0.09306749269035737,0.25231801574508456,0.004729803515040357,0.03772911704968977,0.6430857482472339,-0.7470682898166058,1.3221088708597748,0.6363636363636364,0.7554907833484428,11,352.6914285714286,-466.8375,0.07201309328968904
2026-05-05T14:27:22,my-research/strategies/kol_range_fade_1d_long_atr_stop.py,nogit,BNB/USDT,1D,IS,0.31135899999999994,0.1754652061288242,-0.17453048638213708,0.7482788972933305,0.4039843939261847,1.005355624487521,0.049807198820287946,0.15324221158796028,0.8588926055861926,-0.7624716316934734,1.760976681701717,0.5789473684210527,1.280710313964885,19,706.6527272727272,-551.76625,0.12274959083469722
2026-05-05T14:27:21,my-research/strategies/kol_range_fade_1d_long_atr_stop.py,nogit,BTC/USDT,1D,OOS,0.10743600000000009,0.10743600000000009,-0.07438299200702958,1.0857673852564624,0.5170048454318741,1.4443624422885117,0.0542206661939949,0.1117056581040257,0.414218134195912,0.4608575141758924,7.028218983679929,0.6666666666666666,3.5141094918399647,3,643.8199999999999,-183.21,0.09065934065934066
2026-05-05T14:27:22,my-research/strategies/kol_range_fade_1d_long_atr_stop.py,nogit,BNB/USDT,1D,OOS,-0.330734,-0.330734,-0.3703301388066601,-1.6130498983243227,-0.6549045284975303,-0.8930788108841116,0.2010075725677058,-0.41058559170554326,0.4635286016923718,-1.1953383836202798,0.015974929526779823,0.3333333333333333,0.03194985905355965,3,53.27,-1667.3,0.12087912087912088
2026-05-05T14:30:34,my-research/strategies/kol_ohlc_anchor_4h_long_hysteresis.py,nogit,BNB/USDT,4H,IS,3.178324,517.27485252043,-0.4117593413672298,3.60889283181573,6.830740166220574,1256.2552941794602,0.4900479074544103,7.2530836709092865,2.3838929692595983,2.457334882197244,1.273347563521562,0.5180722891566265,1.184509361415406,332,1175.7188953488373,-992.5788125000001,0.352
2026-05-05T14:30:34,my-research/strategies/kol_ohlc_anchor_4h_long_hysteresis.py,nogit,BNB/USDT,4H,OOS,-0.09752399999999994,-0.33640166322909937,-0.15854858124254667,-1.2448103424570245,-0.6509648947671522,-2.1217576378969554,0.05310060956415535,-0.4240967110337779,0.5359544219636524,-2.681498698421024,0.8005783669534917,0.36666666666666664,1.3828171792833044,30,246.89181818181822,-178.54263157894738,0.113345521023766
2026-05-05T16:24:32,my-research/strategies/btc_regime_short_1d.py,nogit,BTC/USDT,1D,IS,0.05906499999999992,0.03481800937172519,-0.3988908129393607,0.27445317148619497,0.14404994244090716,0.08728706764429348,0.1476627452280877,0.019933688533935356,0.6342570656265787,-0.6682000078485641,1.0985752218074865,0.5662650602409639,0.8414618720227558,83,331.0757446808511,-393.4530555555555,0.14238952536824878
2026-05-05T16:24:32,my-research/strategies/btc_regime_short_1d.py,nogit,BTC/USDT,1D,OOS,-0.34563900000000003,-0.34563900000000003,-0.3725475428356241,-1.2355528009192511,-0.9487640729406642,-0.9277715197614478,0.5130198761625306,-0.3355420871924185,0.29712045426392286,-0.9941413609536112,0.5341094217191339,0.41818181818181815,0.7431087606527079,55,151.52521739130435,-203.90718750000002,0.3021978021978022
2026-05-05T16:24:31,my-research/strategies/btc_zrev_4h_long.py,nogit,BTC/USDT,4H,IS,-0.438998,-0.9200793888629667,-0.5874029542757351,-1.9820482537966981,-1.6259459184863096,-1.56635131329467,-0.14373057272784096,-1.825214052004963,1.2371289487343897,-2.6452695267655297,0.8896041747894107,0.5814977973568282,0.6402454288257122,227,162.30969696969694,-253.5116842105263,0.512
2026-05-05T16:24:31,my-research/strategies/btc_zrev_4h_long.py,nogit,BTC/USDT,4H,OOS,-0.242603,-0.6705915411443508,-0.33026062259737654,-2.908902203090581,-1.6089876479719087,-2.030491966830313,0.25352482449344194,-0.9344722158183013,0.47076763717175746,-1.2835962927805853,0.5898138980379477,0.45454545454545453,0.7077766776455375,44,145.94650000000001,-206.20416666666665,0.22120658135283364
2026-05-05T16:28:33,my-research/strategies/btc_monthly_open_4h_long.py,nogit,BTC/USDT,4H,IS,-0.983375,-0.9999999833086655,-0.9845562694447636,-8.907682358419757,-8.96189017311499,-1.0156859636601687,0.0268356084121246,-16.222888761676348,1.9167707297807177,-9.106134722066008,0.9048167083930001,0.44617156016119747,1.1231402238375077,1737,50.905058064516126,-45.32386694386694,0.394
2026-05-05T16:28:35,my-research/strategies/btc_monthly_open_4h_long.py,nogit,BNB/USDT,4H,IS,-0.972608,-0.9999998519354496,-0.9771319967079307,-4.06309254839802,-5.483555342768308,-1.0234030359302155,0.08252900250468793,-12.01337172277271,3.0331315622746136,-4.3227868246730425,0.9576984074296443,0.45570321151716503,1.143885218108553,1806,80.80720534629405,-70.64275686673449,0.392
2026-05-05T16:28:33,my-research/strategies/btc_monthly_open_4h_long.py,nogit,BTC/USDT,4H,OOS,-0.507064,-0.9408052284415362,-0.5360684708869051,-8.696019717505813,-6.228420152556446,-1.7550094428889083,0.19175508883905007,-2.6940825244718183,0.46633776394041776,-5.010451206585633,0.32667310227995594,0.37012987012987014,0.5559173845816796,154,33.424561403508775,-60.12505154639175,0.1956124314442413
2026-05-05T16:28:34,my-research/strategies/btc_monthly_open_4h_long.py,nogit,ETH/USDT,4H,IS,-0.988078,-0.9999999960985443,-0.9904770196793882,-8.140539247269567,-7.909318565831191,-1.0096145354510482,-0.07410391737390162,-16.921015225988672,2.274400998858035,-8.408773583520396,0.9631264812143103,0.4528757854035766,1.1635636891511194,2069,67.13496264674494,-57.697712014134275,0.394
2026-05-05T16:28:35,my-research/strategies/btc_monthly_open_4h_long.py,nogit,BNB/USDT,4H,OOS,-0.608134,-0.9763388834575888,-0.6495102960734542,-5.49203886077519,-3.6527594673781447,-1.5031923117461605,0.4765224944454224,-3.277661365698587,0.6547623354113169,-4.572365436124963,0.7253516990118499,0.4151624548736462,1.0217997846949531,277,91.2711304347826,-89.3238888888889,0.26508226691042047
2026-05-05T16:28:34,my-research/strategies/btc_monthly_open_4h_long.py,nogit,ETH/USDT,4H,OOS,-0.613225,-0.9775436480874669,-0.6601993778119045,-5.381638571295843,-4.909053276696374,-1.4806794446358535,0.33868393379799483,-3.490767879396675,0.7702731009794902,-4.309428747627139,0.7540524467657232,0.4199288256227758,1.041614820532313,281,100.25491525423732,-96.24950920245398,0.3162705667276051
2026-05-05T16:31:25,my-research/strategies/vol_breakout_4h_long.py,nogit,ETH/USDT,4H,IS,-0.0798549999999999,-0.30496535676928127,-0.37370282678477207,0.03368775041003787,0.048909281592967625,-0.8160638210663603,0.09024774956027694,-0.1545420255210943,1.1743616517181026,-1.7211254214918332,1.104405055247739,0.3548387096774194,2.008009191359524,310,223.73409090909087,-111.42085000000002,0.47
2026-05-05T16:31:24,my-research/strategies/vol_breakout_4h_long.py,nogit,BTC/USDT,4H,IS,-0.06068600000000002,-0.23941284693709097,-0.4588532749064106,0.11094563009275772,0.15978001487117527,-0.5217634046219295,0.1195634384529909,-0.053718444767477565,1.0352616242721007,-1.1280824099203863,1.1258560904665706,0.33860759493670883,2.1991020832477868,316,201.092523364486,-91.44301435406699,0.462
2026-05-05T16:31:26,my-research/strategies/vol_breakout_4h_long.py,nogit,BNB/USDT,4H,IS,-0.48941999999999997,-0.9470493011697518,-0.6310252660952264,-2.1783446954204426,-2.884945665416197,-1.5008104303494483,0.059423981168579776,-2.449550123062003,1.3514540238646457,-2.6456069671489284,0.8756295968218827,0.33116883116883117,1.7684284014245866,308,178.1252941176471,-100.72519417475728,0.474
2026-05-05T16:31:25,my-research/strategies/vol_breakout_4h_long.py,nogit,ETH/USDT,4H,OOS,0.21027099999999987,1.144015974227504,-0.13090683103465828,2.051154850178315,2.1525509724815657,8.73916177777323,0.13807551009578412,0.8834627257970928,0.7148532732432562,1.5482426153137483,1.4692798579128885,0.4444444444444444,1.8365998223911109,72,289.0225,-157.36825000000002,0.1882998171846435
2026-05-05T16:31:26,my-research/strategies/vol_breakout_4h_long.py,nogit,BNB/USDT,4H,OOS,-0.19818900000000006,-0.5863451294901683,-0.20994112575440327,-4.050514998135645,-2.7254087518666434,-2.792902664416957,0.03288553619759127,-0.8437141010156217,0.5814091804576892,-0.5491987307848051,0.6324982062030309,0.28169014084507044,1.6128704258177284,71,117.2405,-72.69058823529413,0.170018281535649
2026-05-05T16:31:24,my-research/strategies/vol_breakout_4h_long.py,nogit,BTC/USDT,4H,OOS,-0.20878299999999994,-0.6077584255657698,-0.2319765404548053,-4.298503890908193,-2.7235767250423195,-2.6199133083639374,0.09805714600251116,-0.8713255823823588,0.44249509024736217,-1.0674903129545446,0.5196245284130189,0.208955223880597,1.9671500004207143,67,119.72928571428574,-60.86433962264151,0.16270566727605118
2026-05-05T16:33:39,my-research/strategies/vol_breakout_4h_long.py,nogit,ETH/USDT,4H,IS,0.17515199999999997,1.0248791788499312,-0.20150209767037286,1.4323486856397187,1.3715362274436942,5.086196077851653,0.05111201339367134,0.7994066811126118,1.0018394078532957,-1.1454689419917081,1.2869101704556538,0.4044943820224719,1.8946177509486022,178,238.17597222222224,-125.71188679245282,0.326
2026-05-05T16:33:39,my-research/strategies/vol_breakout_4h_long.py,nogit,ETH/USDT,4H,OOS,0.29090799999999994,1.7744470547765059,-0.1029417468782351,2.9587810086858495,2.8596183129897397,17.237390160819935,0.09915584706935637,1.1140764870620248,0.7156891252570478,1.882749295458046,1.9455280128431878,0.44680851063829785,2.408748968282042,47,340.47666666666663,-141.35,0.1316270566727605
2026-05-12T05:26:39,my-research/strategies/tv_eth_horizontal_reclaim_1d_long.py,nogit,BTC/USDT,1D,IS,3.525125,1.4604894448952814,-0.2607566748208887,1.9064321045093842,2.009570094900945,5.6009666709336505,0.29247193137076144,0.885680148019412,0.6734929131339583,0.7303391556694522,2.3146237925096753,0.5,2.314623792509675,54,2344.3718518518517,-1012.8522222222222,0.3142389525368249
2026-05-12T05:26:39,my-research/strategies/tv_eth_horizontal_reclaim_1d_long.py,nogit,BTC/USDT,1D,OOS,-0.408119,-0.408119,-0.5012552252625706,-1.7060456711247813,-1.1791169440687113,-0.8141940062294943,0.45443701457001556,-0.41223651617731644,0.3104141917028922,-1.0486484052561584,0.0723761741659373,0.4,0.10856426124890595,5,157.53,-1451.03,0.32967032967032966
2026-05-12T05:27:01,my-research/strategies/tv_eth_horizontal_reclaim_1d_long.py,nogit,ETH/USDT,1D,IS,3.3797120000000005,1.4130231136037832,-0.4632695787656791,1.4924784963234095,1.332845797833628,3.0501098677115763,0.3042253408880755,1.0380059045217624,0.9327473009282282,0.7366780567822235,1.6721370887636047,0.5245901639344263,1.515374236692017,61,2709.2121875000003,-1787.8172413793104,0.33878887070376434
2026-05-12T05:27:01,my-research/strategies/tv_eth_horizontal_reclaim_1d_long.py,nogit,ETH/USDT,1D,OOS,0.4069459999999998,0.4069459999999998,-0.13616322007700132,1.614456719098568,1.3270751471944844,2.9886631630029665,0.1152003343679546,0.3589409873434892,0.6325338269543005,0.4580971247265968,3.070450915345866,0.4,4.605676373018799,10,1561.9,-339.125,0.17582417582417584
2026-05-12T08:29:06,my-research/strategies/ft_hlhb_ema_rsi_adx_4h_long.py,nogit,BTC/USDT,4H,IS,0.47035899999999997,4.393252100919798,-0.3963547717156721,2.004680314225995,2.1319820747949683,11.084140811281385,0.1107770920734954,2.2298989235848956,1.3009265803048145,0.8553667692222682,1.3153624475587158,0.532258064516129,1.1559245751273561,62,680.3648484848484,-588.5893103448276,0.3
2026-05-12T08:29:06,my-research/strategies/ft_hlhb_ema_rsi_adx_4h_long.py,nogit,BTC/USDT,4H,OOS,-0.16610200000000008,-0.5161178095515189,-0.2378216216061333,-2.1841181415060644,-1.237293252569086,-2.17018875771642,0.12610425404863426,-0.6112793250281406,0.4850091707642091,-0.2990981991907163,0.5057597955540817,0.3333333333333333,1.0115195911081631,15,311.106,-307.563,0.19378427787934185
2026-05-12T08:47:53,my-research/strategies/tv_zscore_mean_reversion_4h.py,nogit,BTC/USDT,4H,IS,0.19561299999999981,1.1835775254028031,-0.7047237856701447,1.3837663410706453,1.2931293276488445,1.6794913829640372,0.704839715433586,1.736003308568782,1.8526013735732383,0.7369064142791188,1.1602893469136575,0.7083333333333334,0.47776620167032957,48,506.3014705882353,-1059.7264285714286,0.564
2026-05-12T08:47:53,my-research/strategies/tv_zscore_mean_reversion_4h.py,nogit,BTC/USDT,4H,OOS,-0.18666099999999997,-0.5620607546708107,-0.4378147959890947,-0.9620974899544854,-0.8915997822116889,-1.2837865687042949,0.5604787539170607,-0.3200255946480523,0.6254277830547975,-0.1367795810103702,0.6200493876108637,0.6,0.41336625840724245,10,479.5916666666667,-1160.2099999999998,0.5118829981718465
2026-05-12T08:48:18,my-research/strategies/tv_zscore_mean_reversion_4h.py,nogit,ETH/USDT,4H,IS,-0.665681,-0.9916826406040593,-0.8098863387991753,-1.0826072293914597,-0.9040134556567135,-1.2244713771495823,0.6450147063113281,-3.3011652543260475,2.1239414545968214,-1.804067636151018,0.6198584311760345,0.5348837209302325,0.5390073314574212,43,450.1473913043479,-835.1415,0.514
2026-05-12T08:48:18,my-research/strategies/tv_zscore_mean_reversion_4h.py,nogit,ETH/USDT,4H,OOS,-0.302674,-0.7632364543168955,-0.4716919713885527,-1.1718052643034376,-0.9984061805341807,-1.618082351645933,0.39603694789964583,-0.7126660884467619,0.9392916869487805,-0.22220548336916468,0.4781803258636308,0.5,0.4781803258636308,8,674.355,-1410.2525,0.4113345521023766
2026-05-12T09:00:01,my-research/strategies/tv_rsi_divergence_4h_long.py,nogit,BTC/USDT,4H,IS,0.7348290000000002,10.113542745325516,-0.21730333607566443,3.1656298032231835,1.7789316792137444,46.54112968520653,0.18629476987640273,2.5695235255341333,1.0112474746305322,1.530057443929065,1.9520306140399495,0.6428571428571429,1.0844614522444163,42,600.0296296296297,-553.2973333333334,0.172
2026-05-12T09:00:01,my-research/strategies/tv_rsi_divergence_4h_long.py,nogit,BTC/USDT,4H,OOS,-0.20494,-0.6000892105093328,-0.22182923262964038,-2.780725272046374,-1.4732157756103268,-2.705185441051515,0.13002287895441567,-0.7992758674443743,0.48460036102959875,-0.6916058737459662,0.2504718586589932,0.5,0.2504718586589932,12,107.93333333333332,-430.9199999999999,0.18281535648994515
2026-05-12T09:00:29,my-research/strategies/tv_rsi_divergence_4h_long.py,nogit,ETH/USDT,4H,IS,0.16963799999999996,0.9836748877068642,-0.4776815819976262,1.1463335642180343,0.9533116090185378,2.05926902936725,0.3035549649607759,1.2283071631300504,1.5338413058359333,0.12216725343101086,1.1293473935743013,0.54,0.9620366686003311,50,800.9992592592594,-832.6078260869564,0.218
2026-05-12T09:00:29,my-research/strategies/tv_rsi_divergence_4h_long.py,nogit,ETH/USDT,4H,OOS,-0.27546000000000004,-0.7240946077675552,-0.31950255348186707,-3.358762279200384,-1.4658156702284595,-2.2663186878368724,0.05109759533427488,-1.179500377242307,0.7231682798547004,-0.5361554662968256,0.046221000612387306,0.1111111111111111,0.3697680048990985,9,129.82,-351.085,0.14076782449725778
2026-05-12T09:05:53,my-research/strategies/tv_pinbar_sr_reclaim_4h_long.py,nogit,BTC/USDT,4H,IS,0.520189,5.239089029598006,-0.7561156283957698,1.943616956473837,2.244366578651886,6.928952177213477,0.8515382858626742,2.817822261033691,1.9318722718122683,1.3620517490922148,1.158690069741635,0.6991150442477876,0.49867673887614683,113,613.5416455696203,-1230.3394117647058,0.826
2026-05-12T09:05:53,my-research/strategies/tv_pinbar_sr_reclaim_4h_long.py,nogit,BTC/USDT,4H,OOS,-0.235896,-0.6587785347801731,-0.5066646750701911,-1.122725881942981,-1.3386340387757996,-1.3002259032345385,0.7674444459606727,-0.4033413950857453,0.651350510461387,-0.42876379252341573,0.6027531493009705,0.5454545454545454,0.502294291084142,11,575.135,-1145.016,0.8811700182815356
2026-05-12T09:11:57,my-research/strategies/tv_fib_golden_zone_pullback_4h_long.py,nogit,BTC/USDT,4H,IS,0.629345,7.448189394239334,-0.5397192868520203,2.105857959938144,2.036873024970057,13.800117164020248,0.9268878689157285,3.0465510073998905,1.9163975894595016,1.541799233376355,1.1676894917744183,0.7251908396946565,0.4424928600408322,131,615.8001052631579,-1391.661111111111,0.678
2026-05-12T09:11:57,my-research/strategies/tv_fib_golden_zone_pullback_4h_long.py,nogit,BTC/USDT,4H,OOS,0.013553000000000148,0.05527224627641658,-0.30148403270506796,0.37366677335074777,0.29971040726293235,0.18333390919739895,0.38410485642901104,0.40956391620975047,0.5854147896348347,1.2608792020944726,1.091774308342293,0.625,0.6550645850053759,24,288.39000000000004,-440.24666666666667,0.4040219378427788
2026-05-12T09:13:17,my-research/strategies/tv_fib_golden_zone_pullback_4h_long_tight_sl.py,nogit,BTC/USDT,4H,IS,-0.527072,-0.9621169157716187,-0.7488450316096612,-0.980428479403104,-1.4889153290600843,-1.284801093897257,0.4600767606260234,-2.3197888756324083,1.784893251252041,-1.679704778806208,0.8711792463446845,0.24,2.7587342800915007,300,327.9301388888889,-118.86978070175438,0.654
2026-05-12T09:13:17,my-research/strategies/tv_fib_golden_zone_pullback_4h_long_tight_sl.py,nogit,BTC/USDT,4H,OOS,-0.257239,-0.6953033196092668,-0.3119816652165931,-2.269920167330247,-2.2002948801445257,-2.228667249168482,0.3080948303003264,-0.9139073315594719,0.5446842632774512,-1.0001819815279251,0.5590437651180418,0.2549019607843137,1.6341279288065844,51,208.18230769230766,-127.39657894736841,0.3619744058500914
2026-05-12T09:16:20,my-research/strategies/tv_ichimoku_kumo_breakout_4h_long.py,nogit,BTC/USDT,4H,IS,1.469439,51.01735548645974,-0.43691357762235117,3.009899610906948,3.972248909225612,116.76761286314817,0.23276823095683696,5.430704752579685,1.9540553002166627,2.2859294208115823,1.4761891937689877,0.27419354838709675,3.9075596305649674,62,2869.677058823529,-734.3911111111111,0.524
2026-05-12T09:16:20,my-research/strategies/tv_ichimoku_kumo_breakout_4h_long.py,nogit,BTC/USDT,4H,OOS,-0.093615,-0.32484011321772255,-0.21655724788617936,-0.7755550337936546,-0.7112201181786616,-1.5000195855299,0.26524566836852204,-0.17126640444986527,0.4996075801450099,0.4417809414624475,0.5943652410047523,0.2727272727272727,1.5849739760126726,11,420.24,-265.14,0.3217550274223035
2026-05-12T09:17:00,my-research/strategies/tv_ichimoku_kumo_breakout_4h_long.py,nogit,ETH/USDT,4H,IS,0.693025,8.989562598764733,-0.523010259494928,2.140268577059627,2.24237001982373,17.18811903889987,0.5391645669875311,3.854164247596077,2.1678564200451858,1.46014722179365,1.1949844640847778,0.30357142857142855,2.7414349470180195,56,2879.2047058823528,-1050.2546153846151,0.434
2026-05-12T09:17:00,my-research/strategies/tv_ichimoku_kumo_breakout_4h_long.py,nogit,ETH/USDT,4H,OOS,0.254243,1.472678691528682,-0.3154253222801977,1.565400719600979,1.8014891849890553,4.668866408323668,0.4232227794029861,1.5473366512918485,0.8050534483695455,2.5198363695270225,1.5908266844165742,0.16666666666666666,7.9541334220828706,12,3632.78,-456.716,0.4040219378427788
2026-05-12T09:19:31,my-research/strategies/tv_donchian_vol_breakout_eth_4h_long.py,nogit,ETH/USDT,4H,IS,6.25633,5785.497084629125,-0.3905831508622253,4.906500351207493,7.667869968448919,14812.459451610875,0.49332663985754194,10.275952732513453,2.2459234093640394,4.238197796793741,2.109162858867747,0.43243243243243246,2.7682762522639193,74,3762.2337500000003,-1359.0528571428572,0.422
2026-05-12T09:19:31,my-research/strategies/tv_donchian_vol_breakout_eth_4h_long.py,nogit,ETH/USDT,4H,OOS,-0.16007900000000008,-0.501998946879658,-0.43912217738937664,-0.9005176848140248,-0.8065928240924446,-1.143187415092742,0.24708925892457254,-0.32162413093306064,0.7504789678672721,0.4085511194692063,0.7795415663536641,0.29411764705882354,1.8708997592487944,17,1007.0039999999999,-538.2458333333333,0.2687385740402194
2026-05-12T09:21:01,my-research/strategies/tv_keltner_expansion_breakout_eth_4h_long.py,nogit,ETH/USDT,4H,IS,4.957996,2443.3454486340947,-0.5031191430942094,4.6317577100957745,9.452389382462293,4856.395313458738,0.4357851659078157,9.312386437313785,2.1661373055866924,3.909769977484233,1.4652667860659077,0.3971631205673759,2.2240656574214674,141,3026.5074999999997,-1360.7995294117645,0.498
2026-05-12T09:21:01,my-research/strategies/tv_keltner_expansion_breakout_eth_4h_long.py,nogit,ETH/USDT,4H,OOS,-0.029650999999999983,-0.11333501404105029,-0.3267673085774008,0.0759223191043485,0.07218284943148134,-0.3468370643760553,0.2123730861294091,0.2208756193407256,0.7621149449153323,1.1521571089567821,1.0069928648066988,0.3333333333333333,2.013985729613398,30,643.837,-319.68300000000005,0.2760511882998172
2026-05-12T14:24:54,my-research/strategies/tv_bos_macd_momentum_4h_long.py,nogit,BTC/USDT,4H,IS,3.888006,1027.8977899577847,-0.36882553673148866,5.234126747687529,6.194272447249716,2786.94853687995,0.10251295584313541,8.040004621427984,1.6348813090390995,4.595259006862416,2.3825723009629862,0.3877551020408163,3.7619562646783993,49,3582.439473684211,-952.2810000000001,0.31
2026-05-12T14:24:54,my-research/strategies/tv_bos_macd_momentum_4h_long.py,nogit,BTC/USDT,4H,OOS,0.008740999999999888,0.03539222022948896,-0.13857561092506787,0.2655588780602911,0.19570663126668025,0.2554000663841679,0.12733931176894314,0.19751794777629555,0.45915591054448274,2.163788741996612,1.1591441584974977,0.375,1.9319069308291628,8,412.27666666666664,-213.404,0.17550274223034734
2026-05-12T14:25:25,my-research/strategies/tv_bos_macd_momentum_4h_long.py,nogit,ETH/USDT,4H,IS,1.2541099999999998,33.90961608818735,-0.332524708414351,3.0509910889335106,2.942921866416122,101.97622982630631,-0.21892033235028707,4.6680381286331665,1.8093981220101405,2.659405654401407,1.744680719013436,0.35,3.2401213353106657,40,2208.7321428571427,-681.6819230769231,0.226
2026-05-12T14:25:25,my-research/strategies/tv_bos_macd_momentum_4h_long.py,nogit,ETH/USDT,4H,OOS,0.204121,1.1008067583105117,-0.187318945740934,1.5646519743605072,1.230118061603196,5.876643998589178,0.17239457652410853,0.8315913125104182,0.7661018934118948,0.593144583345261,1.740289529670208,0.25,5.220868589010624,8,2511.29,-481.01,0.1773308957952468
2026-05-12T14:26:36,my-research/strategies/tv_supertrend_atr_trail_4h_long.py,nogit,BTC/USDT,4H,IS,4.8788480000000005,2304.5493623813227,-0.5299807855735523,4.667320729525799,8.806528667730719,4348.363988115736,0.529342332658715,9.65422067773967,2.130121358916488,4.402422714507181,1.4396282521091024,0.3700787401574803,2.450431067419748,127,3655.826595744681,-1491.911625,0.742
2026-05-12T14:26:36,my-research/strategies/tv_supertrend_atr_trail_4h_long.py,nogit,BTC/USDT,4H,OOS,-0.23433500000000007,-0.6559841942907523,-0.3741772778639101,-1.769371470385497,-1.7750277496232267,-1.7531374380497167,0.3390877289102772,-0.6215313635430095,0.5719211617661262,-0.032660937842244525,0.5900188195372149,0.42857142857142855,0.7866917593829532,28,252.11749999999998,-320.478125,0.5045703839122486
2026-05-12T14:27:00,my-research/strategies/tv_supertrend_atr_trail_4h_long.py,nogit,ETH/USDT,4H,IS,3.4122660000000007,656.6309180470003,-0.5985080488567716,3.692527974519541,7.078880879459174,1097.1129282241918,0.28340993383695695,10.06099730553344,2.765325247168508,3.668858129717297,1.196076831611167,0.31297709923664124,2.6255345084147557,131,5731.6987804878045,-2183.059777777778,0.742
2026-05-12T14:27:00,my-research/strategies/tv_supertrend_atr_trail_4h_long.py,nogit,ETH/USDT,4H,OOS,-0.11830799999999997,-0.39540134823968787,-0.4661414214317978,-0.07355024028648122,-0.08498359489921216,-0.8482433228636386,0.4632813813444093,-0.2798995507509078,0.9493079421252462,-0.5525179507875068,0.9211166421033168,0.32142857142857145,1.944579577773669,28,1140.2666666666667,-586.3821052631579,0.5575868372943327
2026-05-12T14:28:18,my-research/strategies/tv_vwap_stretch_reversion_4h_long.py,nogit,BTC/USDT,4H,IS,-0.683287,-0.9934342848919235,-0.6989605108279302,-2.7425847846784506,-1.8885094348561402,-1.4213024477093625,0.1924967320129511,-4.046307817682382,1.5071467320302872,-2.9995361529576745,0.6865299601627237,0.6166666666666667,0.42676186712817976,180,114.36117117117118,-267.9742028985507,0.51
2026-05-12T14:28:18,my-research/strategies/tv_vwap_stretch_reversion_4h_long.py,nogit,BTC/USDT,4H,OOS,-0.12849599999999994,-0.42284091797981305,-0.27917761220585013,-0.8485570458102903,-0.5103404830437862,-1.5145946504766061,0.40393758576368094,-0.05621365177271224,0.5295179896357332,0.9206209588506983,0.7545696215066104,0.5454545454545454,0.6288080179221754,33,165.10444444444445,-262.5673333333333,0.2595978062157221
2026-05-12T14:29:37,my-research/strategies/tv_ichimoku_kumo_breakout_sol_4h_long.py,nogit,SOL/USDT,4H,IS,24.353153,797598.8927253229,-0.7037720064850611,5.299850950987413,9.502505274936263,1133320.0033187927,0.482140735349091,18.793126621356606,3.7215272811371998,4.794155537715403,1.4236702079773498,0.25,4.2710106239320496,48,72349.1475,-16939.585000000003,0.39807692307692305
2026-05-12T14:29:37,my-research/strategies/tv_ichimoku_kumo_breakout_sol_4h_long.py,nogit,SOL/USDT,4H,OOS,0.06232099999999985,0.2732897496052129,-0.30098668544693075,0.6985126680322374,0.6757620825549872,0.9079795313849479,0.3042893370952159,0.9121899073919412,0.883457165782124,1.999728501944535,1.1872396241089787,0.3076923076923077,2.671289154245202,13,1156.315,-432.86777777777775,0.3875685557586837
2026-05-12T14:30:47,my-research/strategies/tv_stochrsi_support_bounce_4h_long.py,nogit,BTC/USDT,4H,IS,-0.585318,-0.9786727608609259,-0.6674233815992558,-2.6940918644238323,-1.6221501244893881,-1.4663447338567395,0.36954351889942894,-3.346997839847948,1.2001637092145008,-3.097419634183422,0.7014114275953159,0.5590551181102362,0.553225914723066,127,164.24605633802813,-296.8878571428572,0.376
2026-05-12T14:30:47,my-research/strategies/tv_stochrsi_support_bounce_4h_long.py,nogit,BTC/USDT,4H,OOS,-0.11893500000000001,-0.39711774879308404,-0.17254355126971344,-1.1353682334212825,-0.7047836344814371,-2.3015508019324633,0.3252860056434788,-0.1365878839092188,0.4475735615414652,1.069887269685871,0.7862383379718051,0.5365853658536586,0.6790240191574678,41,133.42,-196.4878947368421,0.3053016453382084
2026-05-12T14:32:16,my-research/strategies/tv_fib_golden_zone_pullback_4h_long_ema_exit.py,nogit,BTC/USDT,4H,IS,4.753717,2097.604288228871,-0.4108572327537715,4.483191213947526,6.468602929871636,5105.4335204705385,0.4555223135836448,9.942046517784531,2.2840034704232437,4.212843396218423,1.5277824074905064,0.44559585492227977,1.9008455535056286,193,1870.6116279069772,-984.0944859813084,0.736
2026-05-12T14:32:16,my-research/strategies/tv_fib_golden_zone_pullback_4h_long_ema_exit.py,nogit,BTC/USDT,4H,OOS,-0.27319499999999997,-0.7206315235013414,-0.3429142920863252,-1.813722708313313,-1.5148300270073753,-2.1014916558798014,0.48115221378288875,-0.6558413013034786,0.6082345858998439,-0.3001698776236102,0.40422227556409024,0.3793103448275862,0.6614546327412386,29,153.09,-231.44444444444446,0.40950639853747717
2026-05-12T14:32:44,my-research/strategies/tv_fib_golden_zone_pullback_4h_long_ema_exit.py,nogit,ETH/USDT,4H,IS,0.9666009999999998,18.226905025281987,-0.7620223642777559,2.452789878157751,3.282260734255988,23.919120854881246,0.44629779421996585,7.124055976215958,2.894516496730221,2.483805796457818,1.1146607381804283,0.4,1.6719911072706413,220,1829.9826136363636,-1094.4930303030305,0.762
2026-05-12T14:32:44,my-research/strategies/tv_fib_golden_zone_pullback_4h_long_ema_exit.py,nogit,ETH/USDT,4H,OOS,-0.32108800000000004,-0.7872508862704801,-0.4800554752461792,-1.3357577929456803,-1.2670343770429515,-1.6399164822914827,0.4414308669223579,-1.368071749315131,0.8983324328165823,-1.8062804093792562,0.6457467494849047,0.25,1.9372402484547144,44,466.1281818181818,-240.61454545454546,0.4424131627056673
2026-05-12T14:33:58,my-research/strategies/tv_obv_price_breakout_4h_long.py,nogit,BTC/USDT,4H,IS,1.143736,27.030770074140275,-0.6263938089076497,2.865065014195141,4.931071560494138,43.15299686834144,0.1977187618088739,4.446899452441932,1.6576105371182657,2.3983524329369477,1.282725557503593,0.3867924528301887,2.033589298481305,212,801.4071951219512,-394.08507692307694,0.652
2026-05-12T14:33:58,my-research/strategies/tv_obv_price_breakout_4h_long.py,nogit,BTC/USDT,4H,OOS,-0.40467700000000006,-0.874155941174073,-0.4119243656779117,-5.035129441469906,-4.758580902681403,-2.1221272981399344,0.21432134991365331,-1.8014167084362425,0.49686232426694277,-2.183218526533278,0.3813211122519681,0.23404255319148937,1.2479600037337133,47,207.63454545454542,-166.37916666666666,0.34552102376599636
2026-05-12T14:34:27,my-research/strategies/tv_obv_price_breakout_4h_long.py,nogit,ETH/USDT,4H,IS,0.013036000000000048,0.05824882425310007,-0.8312348334005807,0.9963694746045604,1.9718887105235456,0.070075052094249,0.10513778319028395,2.064004899866959,2.1765493350322513,0.9968243861369367,1.0447087375945752,0.33476394849785407,2.076023773425118,233,1592.2628205128208,-766.9771612903226,0.672
2026-05-12T14:34:27,my-research/strategies/tv_obv_price_breakout_4h_long.py,nogit,ETH/USDT,4H,OOS,-0.23331400000000002,-0.6541472481135935,-0.4370467728908143,-1.2578581754811655,-1.2753732762145016,-1.4967442587135098,0.2457618337819701,-0.9529337017305718,0.7997905128220525,-1.6212728122678852,0.813707134215276,0.26666666666666666,2.237694619092009,45,683.7716666666666,-305.56969696969696,0.3583180987202925
2026-05-12T14:35:52,my-research/strategies/tv_keltner_expansion_breakout_eth_1d_long.py,nogit,ETH/USDT,1D,IS,3.781766,1.542787262566761,-0.36620774481763096,1.5344874878111807,1.4570090343746505,4.212874480126189,0.32443525655753774,1.0980049151708837,0.9405307242008784,0.8052103948977296,2.8891440441933622,0.5555555555555556,2.31131523535469,27,3877.5259999999994,-1677.6274999999998,0.3322422258592471
2026-05-12T14:35:52,my-research/strategies/tv_keltner_expansion_breakout_eth_1d_long.py,nogit,ETH/USDT,1D,OOS,-0.1741729999999999,-0.1741729999999999,-0.4634675958736908,-0.5135017716928388,-0.38196060726701536,-0.3758040509211078,0.18669818334870464,-0.16056495643934515,0.607114520577707,-0.3433490441844039,0.6489501201669688,0.2857142857142857,1.6223753004174222,7,1539.115,-948.68,0.23626373626373626
2026-05-12T14:37:14,my-research/strategies/tv_inside_bar_breakout_eth_4h_long.py,nogit,BTC/USDT,4H,IS,0.545148,5.699415203804954,-0.4982170067163121,2.076042139364781,3.565666574995824,11.439623952962002,0.293199749981195,2.5665862281861664,1.3728332797746223,1.5670650785777493,1.258243260392682,0.3082191780821918,2.8240570955480213,146,771.1493333333334,-273.0643564356436,0.44
2026-05-12T14:37:14,my-research/strategies/tv_inside_bar_breakout_eth_4h_long.py,nogit,BTC/USDT,4H,OOS,-0.12606399999999995,-0.41637740628848485,-0.22159575782341367,-1.6333653329318938,-1.2553145626044022,-1.8789953850122427,0.178586495470659,-0.33096309499291926,0.43845895112080574,0.9540007545604225,0.7186795716207481,0.3225806451612903,1.5092271004035709,31,246.81900000000002,-163.54000000000002,0.24314442413162707
2026-05-12T14:37:47,my-research/strategies/tv_inside_bar_breakout_eth_4h_long.py,nogit,ETH/USDT,4H,IS,-0.33281400000000005,-0.8294946330081934,-0.7326249272872887,-0.4417769780995591,-0.6977848486710231,-1.132222781552884,0.162555483486869,-0.6522297258261194,1.6537502469370424,-0.3346182115295119,0.9106621342613568,0.2847682119205298,2.2872444302378274,151,503.33418604651166,-220.0613888888889,0.45
2026-05-12T14:37:47,my-research/strategies/tv_inside_bar_breakout_eth_4h_long.py,nogit,ETH/USDT,4H,OOS,0.05587999999999993,0.24271651657231796,-0.27306875760156324,0.6710425511740249,0.5892075268711326,0.8888476246940983,0.2069902994075179,0.2658943120905343,0.714418719595525,-0.13370418343726936,1.1622985337870653,0.3125,2.557056774331544,32,662.953,-259.26409090909084,0.2449725776965265
2026-05-12T14:39:11,my-research/strategies/tv_engulfing_kijun_support_eth_4h_long.py,nogit,BTC/USDT,4H,IS,-0.07051200000000013,-0.2735839732580887,-0.36147786163448015,-0.015534758406803186,-0.012631721501668938,-0.7568484886488895,0.04464607271062357,-0.03862084840524265,0.9769751667635562,-0.6140596239443745,0.9586831034145389,0.1590909090909091,5.067324975191134,44,1259.8328571428574,-248.61891891891892,0.178
2026-05-12T14:39:11,my-research/strategies/tv_engulfing_kijun_support_eth_4h_long.py,nogit,BTC/USDT,4H,OOS,-0.10625400000000007,-0.3616858158272599,-0.18719033518374362,-1.5070395369072616,-0.8633902153755939,-1.9321821047664334,0.08131655090365156,-0.3383603858123157,0.45426683242125215,1.099833257979117,0.4664675701732029,0.2,1.8658702806928116,10,420.945,-225.6025,0.113345521023766
2026-05-14T15:49:45,my-research/strategies/tv_nr7_compression_breakout_eth_4h_long.py,nogit,BTC/USDT,4H,IS,0.531266,5.440268792421142,-0.5907687140854132,1.9302434214157498,2.481592645626659,9.208796374471836,0.558898460890865,3.625680894800812,1.8302527708841938,2.0127229999064835,1.1442507448360568,0.43956043956043955,1.4589196996659737,364,510.82550000000003,-350.1395588235294,0.732
2026-05-14T15:49:45,my-research/strategies/tv_nr7_compression_breakout_eth_4h_long.py,nogit,BTC/USDT,4H,OOS,-0.45565900000000004,-0.912006992534155,-0.48653229246569707,-4.079508828818583,-3.757588834763459,-1.8745045429815042,0.4048794873164987,-1.9240351040623576,0.5842204934676182,-2.404725797168313,0.5491337546829869,0.3815789473684211,0.889975395520703,76,165.53068965517247,-185.99468085106383,0.5100548446069469
2026-05-14T15:50:29,my-research/strategies/tv_vwap_reclaim_momentum_eth_4h_long.py,nogit,BTC/USDT,4H,IS,0.0,0.0,0.0,nan,nan,nan,0.0,0.0,0.5517599732329631,0.23876421179802101,nan,nan,nan,0,nan,nan,0.0
2026-05-14T15:50:29,my-research/strategies/tv_vwap_reclaim_momentum_eth_4h_long.py,nogit,BTC/USDT,4H,OOS,0.0,0.0,0.0,nan,nan,nan,0.0,0.0,0.3967617023282086,2.198639474159569,nan,nan,nan,0,nan,nan,0.0
2026-05-14T15:51:38,my-research/strategies/tv_bar_exhaustion_reversal_eth_4h_long.py,nogit,BTC/USDT,4H,IS,0.3576680000000001,2.806053938755218,-0.1737421981212951,2.1186456807014404,1.6924802217358315,16.15067593881954,0.08816972189130359,1.6388150602417304,0.9168034770485057,1.918557371392709,1.424622829293038,0.5079365079365079,1.3801033658776307,63,449.3309375,-325.5777419354839,0.196
2026-05-14T15:51:38,my-research/strategies/tv_bar_exhaustion_reversal_eth_4h_long.py,nogit,BTC/USDT,4H,OOS,-0.10386700000000004,-0.3548455384675261,-0.17743412646199563,-1.0967678864417971,-0.5223683722011304,-1.99987198372197,0.19807266400173484,-0.20699904843851083,0.4635212134483928,1.0626287949516138,0.667309712628183,0.38461538461538464,1.0676955402050927,13,287.106,-268.90250000000003,0.10786106032906764
2026-05-14T15:51:59,my-research/strategies/tv_doji_demand_zone_eth_4h_long.py,nogit,BTC/USDT,4H,IS,1.076966,23.409876642315528,-0.20697681697551562,4.066362498203066,2.9255721329152466,113.10385860791746,0.18753067261051393,3.6044816922515115,0.9823559208346195,3.7781793314275167,2.0369095716383008,0.5645161290322581,1.5713302409781178,62,655.2685714285715,-417.0151851851852,0.178
2026-05-14T15:51:59,my-research/strategies/tv_doji_demand_zone_eth_4h_long.py,nogit,BTC/USDT,4H,OOS,-0.08865699999999999,-0.30995947808581226,-0.12308278432585729,-2.4270008333045334,-0.9149866965071848,-2.518300831294209,0.046723101796419336,-0.31979385468943494,0.40589691734011063,1.2608714751661543,0.22041874489249585,0.16666666666666666,1.1020937244624793,6,234.66,-212.92199999999997,0.06581352833638025
2026-05-14T15:52:29,my-research/strategies/tv_liq_wick_sweep_eth_4h_long.py,nogit,BTC/USDT,4H,IS,-0.16718199999999994,-0.550526549628279,-0.36338460202856193,-0.2985342554925155,-0.1585940453717926,-1.5149969111377144,0.19283057961949315,-0.2697219641445152,1.0789289449185984,-0.15143261615893372,0.908463947256592,0.5454545454545454,0.7570532893804931,66,305.8255555555555,-403.96833333333336,0.204
2026-05-14T15:52:29,my-research/strategies/tv_liq_wick_sweep_eth_4h_long.py,nogit,BTC/USDT,4H,OOS,0.12201700000000004,0.5842191862426553,-0.11898600024609718,1.5141628289163849,0.9293176865949868,4.9099825612620185,0.21333074053045542,0.7043305575126888,0.4552718457581147,3.0543738622290264,1.9016068201461462,0.375,3.169344700243577,16,484.035,-152.724,0.13893967093235832
2026-05-14T15:52:50,my-research/strategies/tv_fvg_liquidity_sweep_eth_4h_long.py,nogit,BTC/USDT,4H,IS,1.08452,23.80034116597185,-0.4328521027683383,3.0181189644876905,2.872018042043145,54.98492675386113,0.21205090644522961,4.197618605953071,1.4435193666081614,2.979816925688361,1.4534729998727065,0.5419847328244275,1.2282870421459486,131,554.8305633802817,-451.71083333333337,0.484
2026-05-14T15:52:50,my-research/strategies/tv_fvg_liquidity_sweep_eth_4h_long.py,nogit,BTC/USDT,4H,OOS,0.11912499999999993,0.5679636886948145,-0.1254406943525701,1.3224909214329004,1.330677149531502,4.52774669038794,0.31881685131452886,0.808908033980858,0.4668492794983104,3.0055279901044116,1.4523694749894647,0.5517241379310345,1.18005019842894,29,299.406875,-253.72384615384615,0.3619744058500914
2026-05-14T15:53:21,my-research/strategies/tv_pump_fade_eth_4h.py,nogit,BTC/USDT,4H,IS,0.0,0.0,0.0,nan,nan,nan,0.0,0.0,0.5517599732329631,0.23876421179802101,nan,nan,nan,0,nan,nan,0.0
2026-05-14T15:53:21,my-research/strategies/tv_pump_fade_eth_4h.py,nogit,BTC/USDT,4H,OOS,0.0,0.0,0.0,nan,nan,nan,0.0,0.0,0.3967617023282086,2.198639474159569,nan,nan,nan,0,nan,nan,0.0
2026-05-14T15:53:41,my-research/strategies/tv_btcd_proxy_regime_eth_4h_long.py,nogit,BTC/USDT,4H,IS,4.548478,1789.5052233543693,-0.17078245756262844,6.446106271150313,8.267055130247144,10478.273055053862,0.292487887125777,8.356153456702655,1.3382641244653786,6.3136725602843216,2.110477111367285,0.4782608695652174,2.302338666946129,138,1424.6718181818183,-618.7933333333333,0.386
2026-05-14T15:53:41,my-research/strategies/tv_btcd_proxy_regime_eth_4h_long.py,nogit,BTC/USDT,4H,OOS,-0.08539599999999992,-0.300038955161927,-0.1316989917103173,-1.1903028455444238,-0.9846235937009538,-2.278217557062906,0.126006864199437,-0.21137621630486936,0.4365049402542893,1.2623898541618501,0.7698885673369532,0.28,1.9797134588664516,25,294.91571428571433,-148.9688888888889,0.1809872029250457
2026-05-14T15:57:24,my-research/strategies/tv_nr7_compression_breakout_eth_4h_long.py,nogit,BTC/USDT,4H,IS,2.228475,166.86448249926084,-0.3757369764640436,4.022451339569568,5.65987777206101,444.09917828576835,0.5299067403915475,6.419402644647781,1.572554033373761,4.121532770683529,1.3982688489748447,0.47783251231527096,1.5280051339312735,203,963.6569072164948,-630.6633962264149,0.572
2026-05-14T15:57:24,my-research/strategies/tv_nr7_compression_breakout_eth_4h_long.py,nogit,BTC/USDT,4H,OOS,-0.059616,-0.21779902795823292,-0.2251061176160024,-0.2696088146522923,-0.22907140400944126,-0.9675393555041703,0.23815635082185274,0.07764253386952882,0.5614196493735096,1.3220522847278058,1.0064727141618521,0.5238095238095238,0.9149751946925928,42,213.16909090909087,-232.97799999999998,0.376599634369287
2026-05-14T15:57:43,my-research/strategies/tv_vwap_reclaim_momentum_eth_4h_long.py,nogit,BTC/USDT,4H,IS,-0.23732200000000003,-0.6940269518691567,-0.38692672687504404,-1.4198643352350258,-0.5385401659575727,-1.793690907512029,0.08069665241041048,-0.9380086892477917,0.8376099701438536,-0.9752739382591357,0.6807677481186454,0.4375,0.8752728190096869,32,319.1385714285715,-364.61611111111114,0.122
2026-05-14T15:57:43,my-research/strategies/tv_vwap_reclaim_momentum_eth_4h_long.py,nogit,BTC/USDT,4H,OOS,-0.06602900000000012,-0.23889979607466227,-0.1283283185969757,-1.5287479505082655,-0.5585591519330579,-1.861629597321728,0.06275385794375737,-0.20429956482857883,0.40784629430620106,1.5037378998239388,0.5095284612073248,0.42857142857142855,0.6793712816097662,7,205.16333333333333,-301.99,0.07678244972577697
2026-05-14T15:58:00,my-research/strategies/tv_pump_fade_eth_4h.py,nogit,BTC/USDT,4H,IS,0.0,0.0,0.0,nan,nan,nan,0.0,0.0,0.5517599732329631,0.23876421179802101,nan,nan,nan,0,nan,nan,0.0
2026-05-14T15:58:00,my-research/strategies/tv_pump_fade_eth_4h.py,nogit,BTC/USDT,4H,OOS,0.0,0.0,0.0,nan,nan,nan,0.0,0.0,0.3967617023282086,2.198639474159569,nan,nan,nan,0,nan,nan,0.0
2026-05-14T15:58:27,my-research/strategies/tv_liq_wick_sweep_eth_4h_long.py,nogit,ETH/USDT,4H,IS,0.320036,2.365979552978898,-0.47745436737799785,1.5655090779028853,0.8462028565293178,4.955404567711842,0.15615033508708573,2.4174023274549845,1.5713676492924227,2.1020160763919664,1.261159436937046,0.5370370370370371,1.0872064111526258,54,628.4779310344828,-578.0668000000001,0.178
2026-05-14T15:58:27,my-research/strategies/tv_liq_wick_sweep_eth_4h_long.py,nogit,ETH/USDT,4H,OOS,-0.09734599999999993,-0.33587844662830413,-0.3394966809253539,-0.4384495045383007,-0.19899465318599543,-0.9893423573768448,0.2461342209465095,-0.36323402726409304,0.7145079533478973,-1.0041522713885394,0.8220445129588592,0.5,0.8220445129588594,18,407.64,-495.88555555555547,0.15539305301645337
2026-05-14T15:58:43,my-research/strategies/tv_fvg_liquidity_sweep_eth_4h_long.py,nogit,ETH/USDT,4H,IS,-0.22814100000000004,-0.6775966688712365,-0.7147698034799276,0.4508339229006485,0.5045122827969539,-0.9479928580814271,0.43947563265648915,1.3751578446425257,2.0441082460577977,0.9605361178330324,1.0011195888717754,0.5032679738562091,0.9881180357695444,153,670.9871428571429,-679.0556578947367,0.552
2026-05-14T15:58:43,my-research/strategies/tv_fvg_liquidity_sweep_eth_4h_long.py,nogit,ETH/USDT,4H,OOS,0.0353159999999999,0.14877954055266596,-0.4085530063924615,0.5375049282992569,0.3369986566782246,0.364162148423273,0.2024125427699215,0.23741350390423796,0.7794458999047079,-0.17624318108174247,1.0794617333302348,0.5454545454545454,0.8995514444418623,22,735.3950000000001,-817.5129999999999,0.25594149908592323
2026-05-14T16:00:51,my-research/strategies/tv_liq_wick_sweep_eth_4h_long_ema_gate.py,nogit,ETH/USDT,4H,IS,-0.21880100000000002,-0.6601919326009769,-0.3901719940250993,-1.4707061669179677,-0.3640119100189098,-1.6920536140748932,0.16147730505191507,-0.9971894979889632,0.8793955475369267,-1.774658240771315,0.5878396318258253,0.5,0.5878396318258254,14,417.49714285714293,-710.2228571428572,0.046
2026-05-14T16:00:51,my-research/strategies/tv_liq_wick_sweep_eth_4h_long_ema_gate.py,nogit,ETH/USDT,4H,OOS,-0.06614400000000009,-0.23927424253380136,-0.08674899999999997,-1.8044515545281512,-0.42727480700022996,-2.758236320116675,0.0009639835254807352,-0.26332896967885494,0.6657890130865958,-0.5635996269294116,0.14712238087422724,0.25,0.44136714262268173,4,107.57,-243.72,0.03473491773308958
2026-05-14T17:14:41,my-research/strategies/tv_sfp_reversal_eth_4h_long.py,nogit,ETH/USDT,4H,IS,-0.385135,-0.8806830896491665,-0.7685784365979629,-0.27130983995806945,-0.23038928256050784,-1.1458597427575823,0.5134407577420683,-0.8352126374943194,1.80199203329496,-0.644925893989323,0.9370948799518528,0.48872180451127817,0.9803454128727075,133,581.6184615384615,-593.2791176470588,0.394
2026-05-14T17:14:41,my-research/strategies/tv_sfp_reversal_eth_4h_long.py,nogit,ETH/USDT,4H,OOS,0.09434500000000012,0.4337523185250127,-0.3372849467478951,0.880207711375815,0.6412959020340555,1.286011494753196,0.3131304049308084,0.5358128468159227,0.7603935350223654,0.6034657625448754,1.1918877581123175,0.53125,1.0516656689226334,32,463.43470588235294,-440.66733333333326,0.26508226691042047
2026-05-14T17:15:30,my-research/strategies/tv_vol_climax_bottom_eth_4h_long.py,nogit,ETH/USDT,4H,IS,0.15464199999999995,0.8748798860153406,-0.23972689490225418,1.1732711848208912,0.5030156889928803,3.649485746570332,0.07713275642265112,0.9367694985290589,1.1046227005481506,0.286666165000652,1.2522142856183274,0.5945945945945946,0.8537824674670415,37,423.6872727272728,-496.24733333333336,0.12
2026-05-14T17:15:30,my-research/strategies/tv_turtle_soup_eth_4h_long.py,nogit,ETH/USDT,4H,IS,-0.292574,-0.7797494396064941,-0.7538036742299808,-0.14644992906417525,-0.08912443897388084,-1.0344197916029225,0.181075903791142,-0.35023515578560643,1.6793628812790236,-0.5362171201836788,0.9379864799223041,0.547945205479452,0.773838845935901,73,782.54125,-1011.2457575757574,0.268
2026-05-14T17:15:30,my-research/strategies/tv_vol_climax_bottom_eth_4h_long.py,nogit,ETH/USDT,4H,OOS,-0.0021079999999999988,-0.008397738619301709,-0.058797529813013893,0.019767103912570593,0.01177843684472673,-0.14282468406424453,0.008207268815838635,0.0020936016080171783,0.6626405151214139,-0.164500194672119,1.0885984242460833,0.4,1.632897636369125,5,180.31,-110.42333333333333,0.04204753199268738
2026-05-14T17:15:30,my-research/strategies/tv_turtle_soup_eth_4h_long.py,nogit,ETH/USDT,4H,OOS,-0.17367500000000002,-0.533441680332269,-0.2654862048475253,-1.221921018334492,-0.7022989479674729,-2.0093009376462203,0.15436968649824334,-0.6469122454760764,0.7466850921748116,-0.9932401314607482,0.6763249031856624,0.47058823529411764,0.7608655160838701,17,413.03499999999997,-542.848888888889,0.18647166361974407
2026-05-14T17:17:21,my-research/strategies/tv_crt_daily_sweep_eth_1d_long.py,nogit,ETH/USDT,1D,IS,-0.34118000000000004,-0.2203286841245663,-0.6023359987656722,-0.1471863865006763,-0.11582165890065502,-0.36579033060629196,0.1457872426793365,-0.15941874062711212,0.8959799940969674,-0.666910777909392,0.875834788046973,0.32432432432432434,1.8246558084311941,74,827.42375,-453.4684,0.29623567921440264
2026-05-14T17:17:21,my-research/strategies/tv_crt_daily_sweep_eth_1d_long.py,nogit,ETH/USDT,1D,OOS,-0.385787,-0.385787,-0.5206714827419634,-1.3612512324841446,-0.8328148050734897,-0.7409412898289841,0.22672427373184248,-0.464821254409454,0.5913285527958195,-0.9490401517066843,0.3657607510021543,0.26666666666666666,1.0058420652559243,15,536.5125,-533.3963636363636,0.21153846153846154
2026-05-14T17:17:21,my-research/strategies/tv_pwl_sweep_eth_4h_long.py,nogit,ETH/USDT,4H,IS,-0.48263999999999996,-0.9439062022505746,-0.6491991779207579,-1.020439821061038,-0.5249913200456189,-1.4539547096681462,0.3717348814314406,-1.8657081105210584,1.631431915864921,-1.4023660075739697,0.7503684611754459,0.5476190476190477,0.6198695983623247,42,584.1634782608696,-942.3973684210526,0.154
2026-05-14T17:17:21,my-research/strategies/tv_pwl_sweep_eth_4h_long.py,nogit,ETH/USDT,4H,OOS,0.0027200000000000557,0.010914449167922058,-0.28281819438404143,0.2865182293280019,0.1486948650705871,0.03859175040592058,0.16932085564305266,0.13351949477657127,0.7500736161001701,0.05395328159107314,1.041649692181953,0.6153846153846154,0.6510310576137206,13,514.57625,-790.4019999999999,0.1425959780621572
2026-05-14T17:18:37,my-research/strategies/tv_sfp_reversal_eth_4h_long.py,nogit,SOL/USDT,4H,IS,0.604195,6.9254942226497835,-0.32281718139504145,2.434625451689021,1.984113512866094,21.453301192710807,0.17715286209426465,1.811405726865774,1.804383325572632,-1.1407775378814182,2.055517867731115,0.5454545454545454,1.712931556442596,11,2004.8733333333332,-1170.434,0.18637274549098196
2026-05-14T17:18:37,my-research/strategies/tv_sfp_reversal_eth_4h_long.py,nogit,SOL/USDT,4H,OOS,0.3102370000000001,1.9442260664744868,-0.27045995046086424,2.0684982189915218,1.348669214349895,7.188591372443581,0.23803216295411772,1.2621546804427277,0.7955604866035852,1.5580001846501128,1.6005561347390291,0.6521739130434783,0.8536299385274824,23,599.7753333333334,-702.6175000000001,0.19744058500914077
2026-05-14T17:20:47,my-research/strategies/tv_vol_climax_bottom_eth_4h_long_loose.py,nogit,ETH/USDT,4H,IS,0.15464199999999995,0.8748798860153406,-0.23972689490225418,1.1732711848208912,0.5030156889928803,3.649485746570332,0.07713275642265112,0.9367694985290589,1.1046227005481506,0.286666165000652,1.2522142856183274,0.5945945945945946,0.8537824674670415,37,423.6872727272728,-496.24733333333336,0.12
2026-05-14T17:20:47,my-research/strategies/tv_vol_climax_bottom_eth_4h_long_loose.py,nogit,ETH/USDT,4H,OOS,-0.0021079999999999988,-0.008397738619301709,-0.058797529813013893,0.019767103912570593,0.01177843684472673,-0.14282468406424453,0.008207268815838635,0.0020936016080171783,0.6626405151214139,-0.164500194672119,1.0885984242460833,0.4,1.632897636369125,5,180.31,-110.42333333333333,0.04204753199268738
2026-05-14T17:21:44,my-research/strategies/tv_vol_climax_bottom_eth_4h_long.py,nogit,SOL/USDT,4H,IS,0.5110270000000001,4.65091927683373,-0.6546611468169684,1.7699366386504756,1.135577983421846,7.104315414847804,0.1943654650705414,2.7613566217568435,2.059552164450226,0.6080221022657771,1.2280761725704683,0.5151515151515151,1.1558363977133819,33,1775.1588235294118,-1535.8218749999999,0.1036468330134357
2026-05-14T17:21:44,my-research/strategies/tv_vol_climax_bottom_eth_4h_long.py,nogit,SOL/USDT,4H,OOS,0.20898600000000012,1.1349331441694317,-0.11357441106135402,2.166659547411197,1.006076817185418,9.992859602470926,0.08753490610032397,0.8294464669214162,0.7427661140228627,1.080148002670585,3.213808077307293,0.625,1.9282848463843758,8,630.5620000000001,-327.00666666666666,0.0712979890310786
2026-05-14T17:33:00,my-research/strategies/tv_bos_macd_btcd_gate_4h_long.py,nogit,ETH/USDT,4H,IS,1.1760410000000001,28.92469441538995,-0.21315803527078558,3.1170968494142435,2.82337202915593,135.6960077936796,0.08653189630085109,4.127799902144273,1.5173085443597205,2.315945579681661,1.8897326290313405,0.40625,2.761916919353497,32,2016.8869230769233,-730.248947368421,0.14
2026-05-14T17:33:00,my-research/strategies/tv_bos_macd_btcd_gate_4h_long.py,nogit,ETH/USDT,4H,OOS,-0.10435799999999995,-0.3562570348505645,-0.14676708862688914,-2.4387347631177003,-0.7969627609121744,-2.427363233703164,0.0157900322233972,-0.4276542433894068,0.6632742683415845,-0.8109811620405724,0.0,0.0,nan,3,nan,-338.12999999999994,0.03473491773308958
2026-05-14T17:34:20,my-research/strategies/tv_ict_asian_judas_eth_4h_long.py,nogit,ETH/USDT,4H,IS,0.0,0.0,0.0,nan,nan,nan,0.0,0.0,0.7768546463603268,-0.8649496318468154,nan,nan,nan,0,nan,nan,0.0
2026-05-14T17:34:20,my-research/strategies/tv_ict_asian_judas_eth_4h_long.py,nogit,ETH/USDT,4H,OOS,0.0,0.0,0.0,nan,nan,nan,0.0,0.0,0.6502404965625066,-0.17227080331291297,nan,nan,nan,0,nan,nan,0.0
2026-05-14T17:35:35,my-research/strategies/tv_ict_debug.py,nogit,ETH/USDT,4H,IS,0.0,0.0,0.0,nan,nan,nan,0.0,0.0,0.7768546463603268,-0.8649496318468154,nan,nan,nan,0,nan,nan,0.0
2026-05-14T17:35:35,my-research/strategies/tv_ict_debug.py,nogit,ETH/USDT,4H,OOS,0.0,0.0,0.0,nan,nan,nan,0.0,0.0,0.6502404965625066,-0.17227080331291297,nan,nan,nan,0,nan,nan,0.0
2026-05-14T17:36:26,my-research/strategies/tv_ict_debug2.py,nogit,ETH/USDT,4H,IS,0.0,0.0,0.0,nan,nan,nan,0.0,0.0,0.7768546463603268,-0.8649496318468154,nan,nan,nan,0,nan,nan,0.0
2026-05-14T17:36:26,my-research/strategies/tv_ict_debug2.py,nogit,ETH/USDT,4H,OOS,0.0,0.0,0.0,nan,nan,nan,0.0,0.0,0.6502404965625066,-0.17227080331291297,nan,nan,nan,0,nan,nan,0.0
2026-05-14T17:37:41,my-research/strategies/tv_ict_debug4.py,nogit,ETH/USDT,4H,IS,0.0,0.0,0.0,nan,nan,nan,0.0,0.0,0.7768546463603268,-0.8649496318468154,nan,nan,nan,0,nan,nan,0.0
2026-05-14T17:37:41,my-research/strategies/tv_ict_debug4.py,nogit,ETH/USDT,4H,OOS,0.0,0.0,0.0,nan,nan,nan,0.0,0.0,0.6502404965625066,-0.17227080331291297,nan,nan,nan,0,nan,nan,0.0
2026-05-14T17:38:10,my-research/strategies/tv_ict_debug5.py,nogit,ETH/USDT,4H,IS,0.0,0.0,0.0,nan,nan,nan,0.0,0.0,0.7768546463603268,-0.8649496318468154,nan,nan,nan,0,nan,nan,0.0
2026-05-14T17:38:10,my-research/strategies/tv_ict_debug5.py,nogit,ETH/USDT,4H,OOS,0.0,0.0,0.0,nan,nan,nan,0.0,0.0,0.6502404965625066,-0.17227080331291297,nan,nan,nan,0,nan,nan,0.0
2026-05-14T17:39:42,my-research/strategies/tv_ict_asian_judas_eth_4h_long.py,nogit,ETH/USDT,4H,IS,0.19078799999999996,1.1453191269462852,-0.14283883868896496,1.8319961247080672,0.5554627668898771,8.018261261842413,0.06572907765261789,0.8371435178999079,0.8691561648834919,0.24088810694251975,1.6058340772309727,0.5882352941176471,1.1240838540616813,17,557.658,-496.09999999999997,0.052
2026-05-14T17:39:42,my-research/strategies/tv_ict_asian_judas_eth_4h_long.py,nogit,ETH/USDT,4H,OOS,0.0,0.0,0.0,nan,nan,nan,0.0,0.0,0.6502404965625066,-0.17227080331291297,nan,nan,nan,0,nan,nan,0.0
